Kingsbury Road (Studio),London,E1W 1UN,1200,258 Watford Way Hendon NW4 4UJ,1 Bed Property For Rent
Kingsbury Road,London,E1W 1UP,1700,258 Watford Way Hendon NW4 4UJ,3 Bed Property For Rent
Peak Hill,London,E1W 1UQ,1900,77 Banstead Road Carshalton Beeches Sutton SM5 3NP,3 Bed Property For Rent
Imperial Square Hurley Court North Finchley 87J,London,E1W 1UR,1735,258 Watford Way Hendon NW4 4UJ,2 Bed Apartment For Rent
Peak Hill Sydenham Kent,London,E1W 1US,1900,259 Croydon Road Beckenham BR3 3PS,3 Bed Terrace House For Rent
Carleton House Beaufort Park,London,E1W 1UT,1300,258 Watford Way Hendon NW4 4UJ,1 Bed Apartment For Rent
Envoy House Beaufort Park,London,E1W 1UU,1750,258 Watford Way Hendon NW4 4UJ,2 Bed Apartment For Rent
Stamford Gate House Chelsea Village Fulham Road Fulham,London,E1W 1UW,450,55 Moreton Street London SW1V 2NY,2 Bed Apartment For Rent
Finborough Road Chelsea,London,E1W 1UX,900,55 Moreton Street London SW1V 2NY,4 Bed Apartment For Rent
Ingrebourne Apartments Fulham Riverside 5 Central Avenue Fulham,London,E1W 1UY,445,55 Moreton Street London SW1V 2NY,1 Bed Apartment For Rent
The Blenheim Centre Prince Regent Road London,Hounslow,E1W 1UZ,525000,51 Fretherne Road Welwyn Garden City AL8 6NS,3 Bed Apartment For Sale
Beaufort Park Colindale,London,E1W 1WA,380000,258 Watford Way Hendon NW4 4UJ,1 Bed Apartment For Sale
Zenith Close Colindale,London,E1W 1WB,325000,258 Watford Way Hendon NW4 4UJ,1 Bed Apartment For Sale
Beaufort Park,London,E1W 1WD,320000,258 Watford Way Hendon NW4 4UJ,1 Bed Apartment For Sale
Beaufort Park,London,E1W 1WE,900000,258 Watford Way Hendon NW4 4UJ,3 Bed Apartment For Sale
Watford Way Hendon,London,E1W 1WF,649950,258 Watford Way Hendon NW4 4UJ,4 Bed Semi-Detached House For Sale
Wilshaw Close,Hendon,E1W 1WG,330000,258 Watford Way Hendon NW4 4UJ,2 Bed Apartment For Sale
Fellows Square Cricklewood,London,E1W 1WH,359000,258 Watford Way Hendon NW4 4UJ,1 Bed Apartment For Sale
Colindale Gardens Colindale,London,E1W 1WJ,449000,258 Watford Way Hendon NW4 4UJ,2 Bed Apartment For Sale
Colindale Gardens Colindale,London,E1W 1WL,349000,258 Watford Way Hendon NW4 4UJ,1 Bed Apartment For Sale
