"postcode","postcodestatus","lsoacode","lsoaname","indexofmultipledeprivationrank","indexofmultipledeprivationdecile","incomerank","incomedecile","incomescore","employmentrank","employmentdecile","employmentscore","educationandskillsrank","educationandskillsdecile","healthanddisabilityrank","healthanddisabilitydecile","crimerank","crimedecile","barrierstohousingandservicesrank","barrierstohousingandservicesdecile","livingenvironmentrank","livingenvironmentdecile","idacirank","idacidecile","idaciscore","idaopirank","idaopidecile","idaopiscore"
"M9 8QA","Live","E01005140","Manchester 002E E01005140","5311","2","7370","3","0.215","4848","2","0.203","10169","4","1784","1","3074","1","17201","6","11116","4","10003","4","0.237","6587","3","0.285"
"M9 8QB","Live","E01005104","Manchester 004A E01005104","2582","1","2342","1","0.33","3473","2","0.228","7472","3","2064","1","4731","2","2584","1","9851","3","1480","1","0.457","4008","2","0.345"
"M9 8QD","Live","E01005104","Manchester 004A E01005104","2582","1","2342","1","0.33","3473","2","0.228","7472","3","2064","1","4731","2","2584","1","9851","3","1480","1","0.457","4008","2","0.345"
"M9 8QE","Live","E01005104","Manchester 004A E01005104","2582","1","2342","1","0.33","3473","2","0.228","7472","3","2064","1","4731","2","2584","1","9851","3","1480","1","0.457","4008","2","0.345"
"M9 7GH","Live","E01033685","Manchester 003F E01033685","13218","5","14325","5","0.132","12344","4","0.122","18473","6","5618","2","16455","6","14884","5","12640","4","15798","5","0.155","9811","3","0.228"
"M9 7HQ","Live","E01033687","Manchester 003G E01033687","3087","1","4809","2","0.264","2511","1","0.249","6464","2","494","1","11291","4","11101","4","8349","3","11472","4","0.214","1672","1","0.437"
"M9 7JA","Live","E01033685","Manchester 003F E01033685","13218","5","14325","5","0.132","12344","4","0.122","18473","6","5618","2","16455","6","14884","5","12640","4","15798","5","0.155","9811","3","0.228"
"M9 8AS","Live","E01005206","Manchester 006C E01005206","3109","1","5554","2","0.249","5184","2","0.198","7211","3","633","1","2156","1","17271","6","2525","1","4234","2","0.359","5810","2","0.302"
"M9 8DR","Live","E01005140","Manchester 002E E01005140","5311","2","7370","3","0.215","4848","2","0.203","10169","4","1784","1","3074","1","17201","6","11116","4","10003","4","0.237","6587","3","0.285"
"M9 8NJ","Live","E01005140","Manchester 002E E01005140","5311","2","7370","3","0.215","4848","2","0.203","10169","4","1784","1","3074","1","17201","6","11116","4","10003","4","0.237","6587","3","0.285"
"M9 8NT","Live","E01005140","Manchester 002E E01005140","5311","2","7370","3","0.215","4848","2","0.203","10169","4","1784","1","3074","1","17201","6","11116","4","10003","4","0.237","6587","3","0.285"
"M9 8NW","Live","E01005140","Manchester 002E E01005140","5311","2","7370","3","0.215","4848","2","0.203","10169","4","1784","1","3074","1","17201","6","11116","4","10003","4","0.237","6587","3","0.285"
"M9 6HJ","Live","E01005139","Manchester 003B E01005139","7705","3","7508","3","0.213","6297","2","0.181","9842","3","3976","2","9643","3","18376","6","14522","5","8031","3","0.274","13209","5","0.184"
"M8 8YE","Live","E01033675","Manchester 058D E01033675","5537","2","5434","2","0.251","8174","3","0.159","7322","3","3912","2","3501","2","6292","2","13272","5","6890","3","0.295","2731","1","0.388"
"M8 8BJ","Live","E01005147","Manchester 058B E01005147","2264","1","1387","1","0.367","4413","2","0.21","5221","2","1466","1","2840","1","7693","3","10438","4","2627","1","0.407","24","1","0.774"
"M8 8BT","Live","E01033675","Manchester 058D E01033675","5537","2","5434","2","0.251","8174","3","0.159","7322","3","3912","2","3501","2","6292","2","13272","5","6890","3","0.295","2731","1","0.388"
"M8 4JW","Live","E01005162","Manchester 004D E01005162","7819","3","7984","3","0.205","7881","3","0.162","11099","4","3028","1","10623","4","18189","6","9220","3","12153","4","0.204","4305","2","0.338"
"M8 8US","Live","E01033676","Manchester 056D E01033676","335","1","424","1","0.435","438","1","0.342","3441","2","269","1","1589","1","3952","2","13344","5","1571","1","0.452","402","1","0.56"
"M8 4LQ","Live","E01005040","Bury 026A E01005040","16186","5","13387","5","0.141","11839","4","0.125","23158","8","11429","4","15712","5","27324","9","14407","5","17308","6","0.138","10121","4","0.224"
"M8 4NA","Live","E01005160","Manchester 004B E01005160","6746","3","9923","4","0.178","8823","3","0.152","16970","6","5782","2","176","1","17584","6","5633","2","14154","5","0.175","7172","3","0.272"
"M8 5DZ","Live","E01005165","Manchester 008D E01005165","1187","1","2823","1","0.315","1721","1","0.273","5568","2","365","1","332","1","7220","3","7848","3","10162","4","0.234","375","1","0.566"
"M8 5EA","Live","E01005165","Manchester 008D E01005165","1187","1","2823","1","0.315","1721","1","0.273","5568","2","365","1","332","1","7220","3","7848","3","10162","4","0.234","375","1","0.566"
"M8 5QE","Live","E01005167","Manchester 008F E01005167","3088","1","2430","1","0.327","4457","2","0.209","6519","2","3100","1","4828","2","7758","3","4513","2","4899","2","0.341","617","1","0.525"
"M8 4FL","Live","E01005163","Manchester 004E E01005163","6469","2","7044","3","0.221","6566","2","0.178","14633","5","4819","2","6320","2","15298","5","2550","1","8981","3","0.255","6255","2","0.292"
"M8 4HG","Live","E01005165","Manchester 008D E01005165","1187","1","2823","1","0.315","1721","1","0.273","5568","2","365","1","332","1","7220","3","7848","3","10162","4","0.234","375","1","0.566"
"M7 4WU","Live","E01005649","Salford 010B E01005649","17236","6","16966","6","0.11","18287","6","0.087","22774","7","8282","3","17690","6","17983","6","11021","4","24744","8","0.074","14565","5","0.169"
"M8 0AR","Live","E01005145","Manchester 008A E01005145","6309","2","5306","2","0.253","10899","4","0.133","11759","4","3973","2","7261","3","7155","3","4152","2","9047","3","0.254","367","1","0.569"
"M8 0LA","Live","E01033676","Manchester 056D E01033676","335","1","424","1","0.435","438","1","0.342","3441","2","269","1","1589","1","3952","2","13344","5","1571","1","0.452","402","1","0.56"
"M7 4GZ","Live","E01005646","Salford 010A E01005646","13487","5","13786","5","0.137","19731","7","0.081","8465","3","14850","5","5060","2","17740","6","10812","4","23169","8","0.085","7673","3","0.263"
"M7 4JJ","Live","E01005649","Salford 010B E01005649","17236","6","16966","6","0.11","18287","6","0.087","22774","7","8282","3","17690","6","17983","6","11021","4","24744","8","0.074","14565","5","0.169"
"M6 8QN","Live","E01005623","Salford 018B E01005623","19452","6","24198","8","0.067","18111","6","0.088","23982","8","11882","4","8763","3","29817","10","9480","3","20663","7","0.105","24721","8","0.087"
"M6 6LS","Live","E01005683","Salford 017C E01005683","137","1","126","1","0.491","308","1","0.361","1175","1","85","1","1752","1","4028","2","23022","8","87","1","0.626","873","1","0.494"
"M6 7DZ","Live","E01005628","Salford 018D E01005628","10553","4","15874","5","0.118","11648","4","0.127","20595","7","4733","2","4992","2","15340","5","4889","2","17110","6","0.14","15344","5","0.161"
"M50 2UD","Live","E01032914","Salford 028H E01032914","13439","5","15584","5","0.121","17208","6","0.093","16563","6","2735","1","19815","7","15648","5","12915","4","4025","2","0.365","2804","1","0.386"
"M50 2UE","Live","E01005720","Salford 021D E01005720","5007","2","5591","2","0.248","7142","3","0.171","8753","3","513","1","17641","6","17748","6","4216","2","3573","2","0.378","3873","2","0.349"
"M5 5JJ","Live","E01005720","Salford 021D E01005720","5007","2","5591","2","0.248","7142","3","0.171","8753","3","513","1","17641","6","17748","6","4216","2","3573","2","0.378","3873","2","0.349"
"M5 3WJ","Live","E01032915","Salford 028I E01032915","1607","1","1556","1","0.359","3904","2","0.22","2230","1","716","1","2759","1","5575","2","13506","5","605","1","0.516","695","1","0.515"
"M50 1AU","Live","E01005719","Salford 021C E01005719","7988","3","8133","3","0.203","6946","3","0.173","14217","5","1658","1","27708","9","10627","4","13813","5","12863","4","0.193","3331","2","0.367"
"M5 4BE","Live","E01032907","Salford 022H E01032907","5195","2","7287","3","0.217","5301","2","0.196","10194","4","948","1","6012","2","17138","6","8443","3","4451","2","0.353","2316","1","0.406"
"M5 4TD","Live","E01032915","Salford 028I E01032915","1607","1","1556","1","0.359","3904","2","0.22","2230","1","716","1","2759","1","5575","2","13506","5","605","1","0.516","695","1","0.515"
"M5 3EQ","Live","E01032912","Salford 028G E01032912","2241","1","1832","1","0.347","3314","2","0.231","3815","2","427","1","9460","3","9278","3","14764","5","927","1","0.49","879","1","0.494"
"M5 3FN","Live","E01032686","Salford 028F E01032686","19686","6","31562","10","0.03","32372","10","0.024","25518","8","6405","2","28129","9","8771","3","2927","1","27523","9","0.056","6741","3","0.281"
"M5 3FP","Live","E01032686","Salford 028F E01032686","19686","6","31562","10","0.03","32372","10","0.024","25518","8","6405","2","28129","9","8771","3","2927","1","27523","9","0.056","6741","3","0.281"
"M5 3NB","Live","E01032915","Salford 028I E01032915","1607","1","1556","1","0.359","3904","2","0.22","2230","1","716","1","2759","1","5575","2","13506","5","605","1","0.516","695","1","0.515"
"M46 0BW","Live","E01006245","Wigan 023D E01006245","21158","7","19404","6","0.093","16814","6","0.095","19648","6","16981","6","18771","6","22830","7","20988","7","19230","6","0.118","18760","6","0.129"
"M45 7LE","Live","E01005012","Bury 018C E01005012","9857","4","7302","3","0.216","8531","3","0.155","11989","4","9883","4","10378","4","17234","6","12943","4","6454","2","0.304","11502","4","0.205"
"M45 7LX","Live","E01004984","Bury 019A E01004984","23664","8","19189","6","0.094","23124","8","0.067","29008","9","20170","7","26168","8","9377","3","20714","7","20972","7","0.103","20526","7","0.115"
"M45 7NT","Live","E01005012","Bury 018C E01005012","9857","4","7302","3","0.216","8531","3","0.155","11989","4","9883","4","10378","4","17234","6","12943","4","6454","2","0.304","11502","4","0.205"
"M45 7SZ","Live","E01004988","Bury 020D E01004988","14630","5","13448","5","0.14","11857","4","0.125","16421","5","13136","4","12432","4","28810","9","9214","3","14344","5","0.173","14109","5","0.174"
"M45 7XQ","Live","E01004989","Bury 019C E01004989","27059","9","23270","8","0.071","28981","9","0.045","29535","9","19100","6","18125","6","24995","8","15717","5","21341","7","0.1","22513","7","0.101"
"M45 7EP","Live","E01004983","Bury 020A E01004983","16680","6","18593","6","0.098","15301","5","0.103","22544","7","16637","6","5476","2","18615","6","11464","4","16839","6","0.143","19567","6","0.122"
"M45 7ET","Live","E01004986","Bury 020B E01004986","12341","4","10614","4","0.17","13235","5","0.116","20622","7","7712","3","9348","3","25761","8","6574","3","12294","4","0.201","9047","3","0.239"
"M45 7FW","Live","E01004986","Bury 020B E01004986","12341","4","10614","4","0.17","13235","5","0.116","20622","7","7712","3","9348","3","25761","8","6574","3","12294","4","0.201","9047","3","0.239"
"M45 7HA","Live","E01004983","Bury 020A E01004983","16680","6","18593","6","0.098","15301","5","0.103","22544","7","16637","6","5476","2","18615","6","11464","4","16839","6","0.143","19567","6","0.122"
"M43 7SP","Live","E01005996","Tameside 010C E01005996","12558","4","15272","5","0.123","10089","4","0.14","9795","3","6207","2","12267","4","27795","9","17287","6","17992","6","0.13","14664","5","0.168"
"M43 7WA","Live","E01006004","Tameside 011D E01006004","17474","6","18099","6","0.101","16482","6","0.096","12486","4","8829","3","21933","7","32496","10","13469","5","15318","5","0.161","21466","7","0.108"
"M43 7WD","Live","E01006004","Tameside 011D E01006004","17474","6","18099","6","0.101","16482","6","0.096","12486","4","8829","3","21933","7","32496","10","13469","5","15318","5","0.161","21466","7","0.108"
"M43 7WE","Live","E01005994","Tameside 011A E01005994","12112","4","11100","4","0.164","11147","4","0.131","8248","3","7472","3","16628","6","31267","10","13979","5","10204","4","0.234","14685","5","0.168"
"M43 7WH","Live","E01006007","Tameside 011F E01006007","9367","3","12293","4","0.152","9743","3","0.143","10253","4","5454","2","5299","2","31619","10","5165","2","12476","4","0.199","12674","4","0.191"
"M40 9DH","Live","E01005226","Manchester 007D E01005226","4010","2","3587","2","0.294","3965","2","0.218","10291","4","3823","2","4052","2","18426","6","3037","1","1588","1","0.452","12461","4","0.193"
"M40 8BG","Live","E01033678","Manchester 009F E01033678","280","1","540","1","0.421","766","1","0.315","644","1","382","1","882","1","5468","2","17482","6","698","1","0.507","1131","1","0.472"
"M40 5LH","Live","E01005228","Manchester 009E E01005228","183","1","259","1","0.459","411","1","0.345","1809","1","252","1","704","1","4984","2","14254","5","295","1","0.559","1501","1","0.448"
"M40 3AN","Live","E01005256","Manchester 011A E01005256","511","1","978","1","0.388","972","1","0.304","1515","1","437","1","812","1","6016","2","12923","4","683","1","0.509","4096","2","0.343"
"M4 6BU","Live","E01033663","Manchester 013E E01033663","8983","3","20018","7","0.089","22714","7","0.069","10058","4","1577","1","3998","2","12146","4","2427","1","6989","3","0.293","964","1","0.487"
"M4 6JW","Live","E01005133","Manchester 013D E01005133","115","1","116","1","0.496","191","1","0.382","2716","1","10","1","733","1","9289","3","10864","4","51","1","0.662","220","1","0.613"
"M4 7AJ","Live","E01033663","Manchester 013E E01033663","8983","3","20018","7","0.089","22714","7","0.069","10058","4","1577","1","3998","2","12146","4","2427","1","6989","3","0.293","964","1","0.487"
"M4 4AD","Live","E01033665","Manchester 056C E01033665","6431","2","14405","5","0.131","17698","6","0.09","9782","3","1885","1","9684","3","3211","1","482","1","6570","3","0.302","608","1","0.526"
"M4 4AJ","Live","E01033655","Manchester 056B E01033655","12711","4","32732","10","0.014","32684","10","0.017","10680","4","6510","2","17255","6","4939","2","201","1","27168","9","0.059","11011","4","0.211"
"M4 4BB","Live","E01033664","Manchester 054D E01033664","8280","3","32772","10","0.013","32767","10","0.013","11006","4","4629","2","753","1","4009","2","6","1","25508","8","0.069","11769","4","0.201"
"M4 4BG","Live","E01033664","Manchester 054D E01033664","8280","3","32772","10","0.013","32767","10","0.013","11006","4","4629","2","753","1","4009","2","6","1","25508","8","0.069","11769","4","0.201"
"M4 4BJ","Live","E01033664","Manchester 054D E01033664","8280","3","32772","10","0.013","32767","10","0.013","11006","4","4629","2","753","1","4009","2","6","1","25508","8","0.069","11769","4","0.201"
"M4 4BR","Live","E01033664","Manchester 054D E01033664","8280","3","32772","10","0.013","32767","10","0.013","11006","4","4629","2","753","1","4009","2","6","1","25508","8","0.069","11769","4","0.201"
"M4 4BW","Live","E01033651","Manchester 054B E01033651","11504","4","27939","9","0.05","30714","10","0.037","32302","10","3317","2","12320","4","3055","1","64","1","12166","4","0.204","3413","2","0.365"
"M4 4BZ","Live","E01033651","Manchester 054B E01033651","11504","4","27939","9","0.05","30714","10","0.037","32302","10","3317","2","12320","4","3055","1","64","1","12166","4","0.204","3413","2","0.365"
"M4 4DS","Live","E01033651","Manchester 054B E01033651","11504","4","27939","9","0.05","30714","10","0.037","32302","10","3317","2","12320","4","3055","1","64","1","12166","4","0.204","3413","2","0.365"
"M4 4FQ","Live","E01033655","Manchester 056B E01033655","12711","4","32732","10","0.014","32684","10","0.017","10680","4","6510","2","17255","6","4939","2","201","1","27168","9","0.059","11011","4","0.211"
"M4 4TG","Live","E01033651","Manchester 054B E01033651","11504","4","27939","9","0.05","30714","10","0.037","32302","10","3317","2","12320","4","3055","1","64","1","12166","4","0.204","3413","2","0.365"
"M4 4TJ","Live","E01033651","Manchester 054B E01033651","11504","4","27939","9","0.05","30714","10","0.037","32302","10","3317","2","12320","4","3055","1","64","1","12166","4","0.204","3413","2","0.365"
"M4 5BA","Live","E01033661","Manchester 055E E01033661","9703","3","18721","6","0.097","27673","9","0.051","23989","8","1157","1","7263","3","6802","3","1174","1","22956","7","0.087","262","1","0.598"
"M4 5BS","Live","E01033659","Manchester 055D E01033659","10895","4","32684","10","0.016","32586","10","0.02","23015","8","5070","2","1245","1","9360","3","22","1","26222","8","0.064","1136","1","0.471"
"M4 5BW","Live","E01033661","Manchester 055E E01033661","9703","3","18721","6","0.097","27673","9","0.051","23989","8","1157","1","7263","3","6802","3","1174","1","22956","7","0.087","262","1","0.598"
"M4 6AH","Live","E01005133","Manchester 013D E01005133","115","1","116","1","0.496","191","1","0.382","2716","1","10","1","733","1","9289","3","10864","4","51","1","0.662","220","1","0.613"
"M4 1ED","Live","E01033658","Manchester 054C E01033658","12041","4","30263","10","0.039","28059","9","0.049","18501","6","7357","3","9783","3","4420","2","98","1","28020","9","0.053","15488","5","0.159"
"M4 1FS","Live","E01033664","Manchester 054D E01033664","8280","3","32772","10","0.013","32767","10","0.013","11006","4","4629","2","753","1","4009","2","6","1","25508","8","0.069","11769","4","0.201"
"M4 1HP","Live","E01033667","Manchester 054E E01033667","5672","2","20440","7","0.087","19573","6","0.081","26046","8","1756","1","34","1","5564","2","9","1","14734","5","0.168","3665","2","0.356"
"M4 1HQ","Live","E01033667","Manchester 054E E01033667","5672","2","20440","7","0.087","19573","6","0.081","26046","8","1756","1","34","1","5564","2","9","1","14734","5","0.168","3665","2","0.356"
"M4 1PE","Live","E01033658","Manchester 054C E01033658","12041","4","30263","10","0.039","28059","9","0.049","18501","6","7357","3","9783","3","4420","2","98","1","28020","9","0.053","15488","5","0.159"
"M4 1PN","Live","E01033667","Manchester 054E E01033667","5672","2","20440","7","0.087","19573","6","0.081","26046","8","1756","1","34","1","5564","2","9","1","14734","5","0.168","3665","2","0.356"
"M35 9WP","Live","E01005367","Oldham 033C E01005367","24190","8","24571","8","0.065","22227","7","0.071","22879","7","16153","5","15281","5","19512","6","24859","8","25980","8","0.066","24448","8","0.089"
"M35 9BS","Live","E01005368","Oldham 031C E01005368","6303","2","5603","2","0.248","5500","2","0.193","9397","3","3727","2","9581","3","28655","9","5316","2","5092","2","0.337","6224","2","0.292"
"M35 0AX","Live","E01005369","Oldham 032B E01005369","5110","2","5749","2","0.245","6488","2","0.179","4499","2","2121","1","4238","2","30412","10","7921","3","3613","2","0.376","6916","3","0.278"
"M35 0DF","Live","E01005371","Oldham 032D E01005371","5607","2","7198","3","0.219","5661","2","0.19","9450","3","3950","2","1760","1","30611","10","4604","2","6445","2","0.304","13134","4","0.185"
"M22 4ET","Live","E01005268","Manchester 046C E01005268","14647","5","17551","6","0.105","15930","5","0.099","25279","8","5900","2","6686","3","29849","10","7011","3","23589","8","0.082","10531","4","0.218"
"M22 4FR","Live","E01005268","Manchester 046C E01005268","14647","5","17551","6","0.105","15930","5","0.099","25279","8","5900","2","6686","3","29849","10","7011","3","23589","8","0.082","10531","4","0.218"
"M22 4JZ","Live","E01005086","Manchester 049B E01005086","569","1","875","1","0.394","1125","1","0.296","782","1","160","1","4209","2","8869","3","11606","4","1476","1","0.457","2549","1","0.395"
"M22 1UG","Live","E01005319","Manchester 051E E01005319","2866","1","3382","2","0.299","4527","2","0.208","2268","1","1051","1","10211","4","6072","2","11908","4","2950","1","0.396","4048","2","0.344"
"M22 0AD","Live","E01005318","Manchester 053E E01005318","3559","2","5559","2","0.248","4195","2","0.214","2440","1","241","1","13187","5","20257","7","14913","5","8232","3","0.27","5057","2","0.319"
"M21 9JF","Live","E01005151","Manchester 029B E01005151","12893","4","15991","5","0.117","14156","5","0.11","31312","10","3545","2","14724","5","11999","4","6665","3","27800","9","0.055","6961","3","0.277"
"M21 9JH","Live","E01005155","Manchester 037C E01005155","23211","8","23146","8","0.072","26422","9","0.055","31589","10","10979","4","18940","6","29684","10","7277","3","25034","8","0.072","12795","4","0.189"
"M21 9JN","Live","E01005151","Manchester 029B E01005151","12893","4","15991","5","0.117","14156","5","0.11","31312","10","3545","2","14724","5","11999","4","6665","3","27800","9","0.055","6961","3","0.277"
"M21 8DN","Live","E01005157","Manchester 037D E01005157","25675","8","29611","10","0.042","29337","9","0.044","32385","10","18961","6","4966","2","27295","9","14524","5","29919","10","0.04","26881","9","0.075"
"M21 8DY","Live","E01005157","Manchester 037D E01005157","25675","8","29611","10","0.042","29337","9","0.044","32385","10","18961","6","4966","2","27295","9","14524","5","29919","10","0.04","26881","9","0.075"
"M21 7QU","Live","E01005084","Manchester 042D E01005084","10079","4","8660","3","0.195","10736","4","0.134","18001","6","5383","2","5107","2","23176","8","11517","4","8636","3","0.262","7213","3","0.272"
"M20 6XD","Live","E01005172","Manchester 043A E01005172","19822","7","22735","7","0.074","19880","7","0.08","32774","10","8714","3","9389","3","20240","7","14353","5","31183","10","0.031","13668","5","0.179"
"M21 0AT","Live","E01005150","Manchester 029A E01005150","11557","4","18017","6","0.102","20118","7","0.079","32065","10","3178","1","10595","4","18687","6","474","1","24840","8","0.073","4410","2","0.335"
"M21 0AU","Live","E01005150","Manchester 029A E01005150","11557","4","18017","6","0.102","20118","7","0.079","32065","10","3178","1","10595","4","18687","6","474","1","24840","8","0.073","4410","2","0.335"
"M21 7WH","Live","E01005084","Manchester 042D E01005084","10079","4","8660","3","0.195","10736","4","0.134","18001","6","5383","2","5107","2","23176","8","11517","4","8636","3","0.262","7213","3","0.272"
"M21 0RD","Live","E01005299","Manchester 029F E01005299","10496","4","10652","4","0.17","11698","4","0.126","21952","7","6664","3","2417","1","18847","6","11038","4","13580","5","0.182","5496","2","0.308"
"M21 0SD","Live","E01005301","Manchester 033E E01005301","14719","5","17310","6","0.107","16778","6","0.095","30898","10","10532","4","6927","3","23103","8","2586","1","24517","8","0.076","10550","4","0.217"
"M21 0SF","Live","E01005301","Manchester 033E E01005301","14719","5","17310","6","0.107","16778","6","0.095","30898","10","10532","4","6927","3","23103","8","2586","1","24517","8","0.076","10550","4","0.217"
"M21 0UH","Live","E01005301","Manchester 033E E01005301","14719","5","17310","6","0.107","16778","6","0.095","30898","10","10532","4","6927","3","23103","8","2586","1","24517","8","0.076","10550","4","0.217"
"M21 0YA","Live","E01005181","Manchester 030D E01005181","9119","3","8214","3","0.202","10997","4","0.132","21576","7","2494","1","14965","5","9113","3","10177","4","11832","4","0.208","3037","1","0.377"
"M20 6FJ","Live","E01005125","Manchester 040A E01005125","5055","2","4184","2","0.279","5415","2","0.194","10931","4","1450","1","7628","3","13369","5","13663","5","3855","2","0.37","1728","1","0.435"
"M21 7BD","Live","E01005279","Manchester 035E E01005279","4485","2","3053","1","0.308","5664","2","0.19","9833","3","4989","2","5044","2","6295","2","7682","3","2062","1","0.429","3184","1","0.372"
"M20 6RX","Live","E01005176","Manchester 043E E01005176","19574","6","25835","8","0.059","26599","9","0.055","20842","7","9119","3","13551","5","30111","10","3717","2","29104","9","0.046","12809","4","0.189"
"M20 4XQ","Live","E01005307","Manchester 040D E01005307","19486","6","22212","7","0.077","28172","9","0.049","26577","9","10381","4","3997","2","19259","6","13910","5","16896","6","0.142","12034","4","0.198"
"M20 6TD","Live","E01005175","Manchester 043D E01005175","15463","5","16600","6","0.112","15774","5","0.1","31209","10","5287","2","8015","3","28860","9","9994","4","27792","9","0.055","8735","3","0.245"
"M20 4ZD","Live","E01005275","Manchester 038B E01005275","20454","7","24647","8","0.065","29803","10","0.042","32720","10","10072","4","11303","4","15787","5","4976","2","15611","5","0.157","12495","4","0.193"
"M20 4ZE","Live","E01005275","Manchester 038B E01005275","20454","7","24647","8","0.065","29803","10","0.042","32720","10","10072","4","11303","4","15787","5","4976","2","15611","5","0.157","12495","4","0.193"
"M20 4NE","Live","E01005309","Manchester 036B E01005309","10333","4","24398","8","0.066","27128","9","0.053","29498","9","2080","1","1798","1","5504","2","1997","1","15420","5","0.16","3651","2","0.357"
"M20 2UA","Live","E01005173","Manchester 043B E01005173","23643","8","28245","9","0.048","30834","10","0.037","32239","10","12433","4","7499","3","15279","5","14656","5","28750","9","0.049","16801","6","0.146"
"M20 2UD","Live","E01005173","Manchester 043B E01005173","23643","8","28245","9","0.048","30834","10","0.037","32239","10","12433","4","7499","3","15279","5","14656","5","28750","9","0.049","16801","6","0.146"
"M20 2GN","Live","E01005172","Manchester 043A E01005172","19822","7","22735","7","0.074","19880","7","0.08","32774","10","8714","3","9389","3","20240","7","14353","5","31183","10","0.031","13668","5","0.179"
"M20 2NU","Live","E01005076","Manchester 039A E01005076","13261","5","21550","7","0.08","22213","7","0.071","28623","9","2391","1","3347","2","19149","6","6848","3","24144","8","0.078","4172","2","0.341"
"M20 2RQ","Live","E01005169","Manchester 045C E01005169","24092","8","27503","9","0.052","28334","9","0.048","31161","10","11457","4","16648","6","17808","6","10593","4","27267","9","0.058","25624","8","0.082"
"M2 2JG","Live","E01033658","Manchester 054C E01033658","12041","4","30263","10","0.039","28059","9","0.049","18501","6","7357","3","9783","3","4420","2","98","1","28020","9","0.053","15488","5","0.159"
"M2 4AD","Live","E01033658","Manchester 054C E01033658","12041","4","30263","10","0.039","28059","9","0.049","18501","6","7357","3","9783","3","4420","2","98","1","28020","9","0.053","15488","5","0.159"
"M2 4LQ","Live","E01033658","Manchester 054C E01033658","12041","4","30263","10","0.039","28059","9","0.049","18501","6","7357","3","9783","3","4420","2","98","1","28020","9","0.053","15488","5","0.159"
"M2 4NH","Live","E01033658","Manchester 054C E01033658","12041","4","30263","10","0.039","28059","9","0.049","18501","6","7357","3","9783","3","4420","2","98","1","28020","9","0.053","15488","5","0.159"
"M2 4WU","Live","E01033658","Manchester 054C E01033658","12041","4","30263","10","0.039","28059","9","0.049","18501","6","7357","3","9783","3","4420","2","98","1","28020","9","0.053","15488","5","0.159"
"M19 3DQ","Live","E01005199","Manchester 027B E01005199","4725","2","5822","2","0.243","7853","3","0.162","5706","2","2805","1","7936","3","13583","5","1452","1","6683","3","0.3","5260","2","0.314"
"M19 2LZ","Live","E01005118","Manchester 034A E01005118","12803","4","18597","6","0.098","17656","6","0.09","18403","6","5805","2","6941","3","19913","7","3406","2","24093","8","0.079","12902","4","0.188"
"M18 7TP","Live","E01005196","Manchester 023B E01005196","1902","1","1593","1","0.358","3364","2","0.23","4258","2","978","1","6408","2","2260","1","16182","5","2996","1","0.395","487","1","0.542"
"M18 8GN","Live","E01005190","Manchester 017E E01005190","2693","1","3527","2","0.295","3351","2","0.23","2728","1","2337","1","4379","2","13995","5","4037","2","4449","2","0.353","8939","3","0.241"
"M18 7LP","Live","E01005193","Manchester 021E E01005193","4675","2","7235","3","0.218","7872","3","0.162","6787","3","2529","1","2497","1","17994","6","1653","1","8337","3","0.267","6689","3","0.283"
"M16 9LU","Live","E01006112","Trafford 001D E01006112","3319","2","1788","1","0.349","3369","2","0.23","8170","3","3082","1","5631","2","13019","4","10331","4","4470","2","0.353","530","1","0.536"
"M16 9NH","Live","E01006111","Trafford 001C E01006111","5144","2","1569","1","0.359","3878","2","0.22","8747","3","8982","3","22192","7","12242","4","12474","4","1762","1","0.443","751","1","0.509"
"M16 9AE","Live","E01006185","Trafford 001E E01006185","3669","2","4031","2","0.283","3063","1","0.236","9351","3","2761","1","7545","3","12069","4","3353","2","4998","2","0.339","2099","1","0.417"
"M16 7QR","Live","E01006110","Trafford 001B E01006110","10974","4","6392","2","0.232","8241","3","0.158","14105","5","10200","4","21468","7","22420","7","13828","5","7233","3","0.288","4047","2","0.344"
"M16 7RQ","Live","E01005302","Manchester 028C E01005302","5954","2","9828","3","0.179","7449","3","0.167","19028","6","1988","1","4203","2","13761","5","1484","1","18404","6","0.126","3094","1","0.375"
"M16 8AU","Live","E01005302","Manchester 028C E01005302","5954","2","9828","3","0.179","7449","3","0.167","19028","6","1988","1","4203","2","13761","5","1484","1","18404","6","0.126","3094","1","0.375"
"M16 8FS","Live","E01033680","Manchester 028E E01033680","5964","2","7362","3","0.215","6247","2","0.182","11465","4","2712","1","8079","3","10164","4","5278","2","9987","4","0.237","3068","1","0.376"
"M16 8HA","Live","E01005181","Manchester 030D E01005181","9119","3","8214","3","0.202","10997","4","0.132","21576","7","2494","1","14965","5","9113","3","10177","4","11832","4","0.208","3037","1","0.377"
"M16 0BH","Live","E01005298","Manchester 028B E01005298","10139","4","8584","3","0.196","11345","4","0.129","23658","8","4430","2","11209","4","17127","6","5927","2","11780","4","0.209","1259","1","0.463"
"M16 0BQ","Live","E01005298","Manchester 028B E01005298","10139","4","8584","3","0.196","11345","4","0.129","23658","8","4430","2","11209","4","17127","6","5927","2","11780","4","0.209","1259","1","0.463"
"M16 0BU","Live","E01005296","Manchester 029E E01005296","11788","4","12080","4","0.154","12618","4","0.12","29741","10","5017","2","5726","2","18787","6","8538","3","19147","6","0.118","4751","2","0.327"
"M16 0DZ","Live","E01005296","Manchester 029E E01005296","11788","4","12080","4","0.154","12618","4","0.12","29741","10","5017","2","5726","2","18787","6","8538","3","19147","6","0.118","4751","2","0.327"
"M15 6AZ","Live","E01005209","Manchester 019B E01005209","3281","1","8055","3","0.204","10099","4","0.14","13116","4","471","1","1755","1","960","1","2877","1","2664","1","0.406","201","1","0.621"
"M15 6BN","Live","E01005210","Manchester 019C E01005210","7492","3","13945","5","0.135","20793","7","0.077","5270","2","2390","1","8522","3","5767","2","2283","1","1569","1","0.452","81","1","0.688"
"M15 6FD","Live","E01005212","Manchester 057A E01005212","8747","3","10957","4","0.166","14387","5","0.108","17571","6","1615","1","6906","3","8268","3","10002","4","1807","1","0.441","56","1","0.707"
"M15 6GH","Live","E01005212","Manchester 057A E01005212","8747","3","10957","4","0.166","14387","5","0.108","17571","6","1615","1","6906","3","8268","3","10002","4","1807","1","0.441","56","1","0.707"
"M15 4LG","Live","E01033681","Manchester 060B E01033681","20221","7","32763","10","0.013","32763","10","0.013","22962","7","13832","5","23205","8","4620","2","2873","1","28265","9","0.052","17437","6","0.14"
"M15 4NP","Live","E01033683","Manchester 060D E01033683","8221","3","32824","10","0.01","32756","10","0.013","7290","3","6444","2","796","1","3141","1","124","1","28348","9","0.051","9253","3","0.236"
"M15 4QE","Live","E01033683","Manchester 060D E01033683","8221","3","32824","10","0.01","32756","10","0.013","7290","3","6444","2","796","1","3141","1","124","1","28348","9","0.051","9253","3","0.236"
"M15 4QG","Live","E01033682","Manchester 060C E01033682","15220","5","32770","10","0.013","32666","10","0.018","13913","5","12965","4","15184","5","5702","2","324","1","26395","9","0.063","23714","8","0.094"
"M15 4QH","Live","E01033683","Manchester 060D E01033683","8221","3","32824","10","0.01","32756","10","0.013","7290","3","6444","2","796","1","3141","1","124","1","28348","9","0.051","9253","3","0.236"
"M15 4QU","Live","E01033656","Manchester 057B E01033656","10131","4","32129","10","0.025","32827","10","0.007","10153","4","5325","2","12168","4","1154","1","178","1","17075","6","0.14","11011","4","0.211"
"M15 4QW","Live","E01033683","Manchester 060D E01033683","8221","3","32824","10","0.01","32756","10","0.013","7290","3","6444","2","796","1","3141","1","124","1","28348","9","0.051","9253","3","0.236"
"M15 4QX","Live","E01033656","Manchester 057B E01033656","10131","4","32129","10","0.025","32827","10","0.007","10153","4","5325","2","12168","4","1154","1","178","1","17075","6","0.14","11011","4","0.211"
"M15 4QY","Live","E01033683","Manchester 060D E01033683","8221","3","32824","10","0.01","32756","10","0.013","7290","3","6444","2","796","1","3141","1","124","1","28348","9","0.051","9253","3","0.236"
"M15 4TA","Live","E01033656","Manchester 057B E01033656","10131","4","32129","10","0.025","32827","10","0.007","10153","4","5325","2","12168","4","1154","1","178","1","17075","6","0.14","11011","4","0.211"
"M15 4TB","Live","E01033656","Manchester 057B E01033656","10131","4","32129","10","0.025","32827","10","0.007","10153","4","5325","2","12168","4","1154","1","178","1","17075","6","0.14","11011","4","0.211"
"M15 4TD","Live","E01033656","Manchester 057B E01033656","10131","4","32129","10","0.025","32827","10","0.007","10153","4","5325","2","12168","4","1154","1","178","1","17075","6","0.14","11011","4","0.211"
"M15 4TL","Live","E01005213","Manchester 059A E01005213","1563","1","1513","1","0.361","2241","1","0.257","7661","3","248","1","3182","1","9997","4","8519","3","294","1","0.56","142","1","0.645"
"M15 5AX","Live","E01005208","Manchester 019A E01005208","8929","3","9936","4","0.178","14998","5","0.104","16233","5","3965","2","3277","1","10039","4","8331","3","6009","2","0.315","1124","1","0.473"
"M15 5JP","Live","E01005208","Manchester 019A E01005208","8929","3","9936","4","0.178","14998","5","0.104","16233","5","3965","2","3277","1","10039","4","8331","3","6009","2","0.315","1124","1","0.473"
"M15 5JR","Live","E01005208","Manchester 019A E01005208","8929","3","9936","4","0.178","14998","5","0.104","16233","5","3965","2","3277","1","10039","4","8331","3","6009","2","0.315","1124","1","0.473"
"M15 5JS","Live","E01005208","Manchester 019A E01005208","8929","3","9936","4","0.178","14998","5","0.104","16233","5","3965","2","3277","1","10039","4","8331","3","6009","2","0.315","1124","1","0.473"
"M15 5QH","Live","E01005214","Manchester 019D E01005214","10849","4","12856","4","0.146","15977","5","0.099","24762","8","4052","2","4022","2","17512","6","4955","2","7486","3","0.283","2413","1","0.401"
"M15 4HZ","Live","E01033672","Manchester 059C E01033672","1078","1","1239","1","0.375","1458","1","0.282","8348","3","693","1","1259","1","7508","3","4739","2","432","1","0.536","407","1","0.558"
"M14 7JJ","Live","E01005240","Manchester 024A E01005240","1388","1","716","1","0.404","3353","2","0.23","5614","2","1432","1","1969","1","5545","2","6298","2","579","1","0.518","1011","1","0.483"
"M14 5RH","Live","E01005284","Manchester 026C E01005284","10466","4","27263","9","0.053","31505","10","0.033","21436","7","6974","3","2823","1","2880","1","152","1","16029","5","0.152","803","1","0.502"
"M14 6UD","Live","E01005309","Manchester 036B E01005309","10333","4","24398","8","0.066","27128","9","0.053","29498","9","2080","1","1798","1","5504","2","1997","1","15420","5","0.16","3651","2","0.357"
"M14 6WN","Live","E01005185","Manchester 032B E01005185","10854","4","32551","10","0.019","32735","10","0.015","16395","5","10333","4","952","1","4618","2","200","1","13990","5","0.177","3014","1","0.378"
"M14 6DD","Live","E01005278","Manchester 035D E01005278","9500","3","11982","4","0.155","18834","6","0.085","8373","3","8330","3","3752","2","5434","2","7498","3","6833","3","0.297","8315","3","0.251"
"M14 5AP","Live","E01005288","Manchester 025E E01005288","3549","2","5722","2","0.245","8493","3","0.155","15909","5","726","1","1455","1","6452","2","1836","1","1219","1","0.471","604","1","0.526"
"M14 5BB","Live","E01005231","Manchester 022C E01005231","10278","4","21914","7","0.078","26628","9","0.054","12090","4","2538","1","5904","2","4199","2","3488","2","13759","5","0.18","902","1","0.492"
"M14 6HZ","Live","E01005281","Manchester 026B E01005281","11906","4","25617","8","0.06","27511","9","0.051","17350","6","2924","1","9947","4","2715","1","3758","2","22571","7","0.09","3167","1","0.372"
"M14 5LY","Live","E01005286","Manchester 026D E01005286","11472","4","21274","7","0.082","22918","7","0.068","26587","9","6836","3","908","1","5346","2","4951","2","20374","7","0.108","5468","2","0.309"
"M14 5QL","Live","E01005231","Manchester 022C E01005231","10278","4","21914","7","0.078","26628","9","0.054","12090","4","2538","1","5904","2","4199","2","3488","2","13759","5","0.18","902","1","0.492"
"M14 4FZ","Live","E01005242","Manchester 025B E01005242","1754","1","957","1","0.389","4275","2","0.213","7528","3","627","1","5085","2","5056","2","6355","2","1000","1","0.485","325","1","0.578"
"M14 4HL","Live","E01005285","Manchester 025D E01005285","1089","1","929","1","0.391","3469","2","0.228","7857","3","207","1","634","1","4436","2","9518","3","717","1","0.505","39","1","0.726"
"M13 0YG","Live","E01005236","Manchester 022D E01005236","3646","2","5776","2","0.244","7590","3","0.166","9778","3","2274","1","1465","1","5478","2","1900","1","5747","2","0.321","194","1","0.623"
"M13 0YL","Live","E01005287","Manchester 026E E01005287","916","1","1350","1","0.369","1586","1","0.278","5173","2","216","1","1470","1","4287","2","10197","4","4136","2","0.362","164","1","0.634"
"M13 9DP","Live","E01005062","Manchester 018B E01005062","7144","3","12285","4","0.152","17148","6","0.093","13852","5","1501","1","12632","4","396","1","8642","3","8970","3","0.255","179","1","0.629"
"M13 9ER","Live","E01005062","Manchester 018B E01005062","7144","3","12285","4","0.152","17148","6","0.093","13852","5","1501","1","12632","4","396","1","8642","3","8970","3","0.255","179","1","0.629"
"M13 0BB","Live","E01033657","Manchester 022G E01033657","3419","2","8356","3","0.2","12107","4","0.123","5821","2","417","1","3973","2","1953","1","2121","1","2914","1","0.398","190","1","0.625"
"M13 0FE","Live","E01033657","Manchester 022G E01033657","3419","2","8356","3","0.2","12107","4","0.123","5821","2","417","1","3973","2","1953","1","2121","1","2914","1","0.398","190","1","0.625"
"M13 0FN","Live","E01033657","Manchester 022G E01033657","3419","2","8356","3","0.2","12107","4","0.123","5821","2","417","1","3973","2","1953","1","2121","1","2914","1","0.398","190","1","0.625"
"M13 0HY","Live","E01005284","Manchester 026C E01005284","10466","4","27263","9","0.053","31505","10","0.033","21436","7","6974","3","2823","1","2880","1","152","1","16029","5","0.152","803","1","0.502"
"M13 0JR","Live","E01005284","Manchester 026C E01005284","10466","4","27263","9","0.053","31505","10","0.033","21436","7","6974","3","2823","1","2880","1","152","1","16029","5","0.152","803","1","0.502"
"M13 0NW","Live","E01005230","Manchester 022B E01005230","3587","2","5990","2","0.24","6693","3","0.176","12383","4","1275","1","957","1","4269","2","5697","2","7338","3","0.286","294","1","0.586"
"M12 5NL","Live","E01005061","Manchester 018A E01005061","750","1","245","1","0.462","1308","1","0.288","2919","1","610","1","12001","4","1951","1","20380","7","344","1","0.551","111","1","0.665"
"M13 0RH","Live","E01005287","Manchester 026E E01005287","916","1","1350","1","0.369","1586","1","0.278","5173","2","216","1","1470","1","4287","2","10197","4","4136","2","0.362","164","1","0.634"
"M11 3TW","Live","E01005105","Manchester 015C E01005105","4157","2","4277","2","0.276","6195","2","0.182","11437","4","1968","1","1174","1","8199","3","12705","4","5215","2","0.334","398","1","0.561"
"M1 6DE","Live","E01033653","Manchester 055B E01033653","9762","3","15735","5","0.119","32276","10","0.026","22062","7","11983","4","708","1","9543","3","61","1","25873","8","0.067","13","1","0.807"
"M1 6HR","Live","E01033653","Manchester 055B E01033653","9762","3","15735","5","0.119","32276","10","0.026","22062","7","11983","4","708","1","9543","3","61","1","25873","8","0.067","13","1","0.807"
"M1 6LT","Live","E01033662","Manchester 057C E01033662","9725","3","25794","8","0.059","25308","8","0.059","20956","7","5139","2","2461","1","4856","2","248","1","4386","2","0.355","6532","2","0.286"
"M1 6NG","Live","E01005128","Manchester 055A E01005128","6971","3","32762","10","0.014","32759","10","0.013","3350","2","11364","4","209","1","2220","1","65","1","19123","6","0.118","9827","3","0.228"
"M1 7AB","Live","E01005128","Manchester 055A E01005128","6971","3","32762","10","0.014","32759","10","0.013","3350","2","11364","4","209","1","2220","1","65","1","19123","6","0.118","9827","3","0.228"
"M1 7AG","Live","E01033653","Manchester 055B E01033653","9762","3","15735","5","0.119","32276","10","0.026","22062","7","11983","4","708","1","9543","3","61","1","25873","8","0.067","13","1","0.807"
"M1 7BD","Live","E01033662","Manchester 057C E01033662","9725","3","25794","8","0.059","25308","8","0.059","20956","7","5139","2","2461","1","4856","2","248","1","4386","2","0.355","6532","2","0.286"
"M1 7DP","Live","E01033654","Manchester 055C E01033654","7660","3","32832","10","0.009","32833","10","0.007","7781","3","10106","4","2892","1","23","1","30","1","23575","8","0.082","5222","2","0.315"
"M1 3DA","Live","E01033653","Manchester 055B E01033653","9762","3","15735","5","0.119","32276","10","0.026","22062","7","11983","4","708","1","9543","3","61","1","25873","8","0.067","13","1","0.807"
"M1 3DB","Live","E01033653","Manchester 055B E01033653","9762","3","15735","5","0.119","32276","10","0.026","22062","7","11983","4","708","1","9543","3","61","1","25873","8","0.067","13","1","0.807"
"M1 3GW","Live","E01033654","Manchester 055C E01033654","7660","3","32832","10","0.009","32833","10","0.007","7781","3","10106","4","2892","1","23","1","30","1","23575","8","0.082","5222","2","0.315"
"M11 1BE","Live","E01005108","Manchester 017A E01005108","1054","1","759","1","0.401","1511","1","0.281","4003","2","545","1","3219","1","11982","4","9452","3","1560","1","0.453","1525","1","0.446"
"M1 3GY","Live","E01033654","Manchester 055C E01033654","7660","3","32832","10","0.009","32833","10","0.007","7781","3","10106","4","2892","1","23","1","30","1","23575","8","0.082","5222","2","0.315"
"M1 3LZ","Live","E01033653","Manchester 055B E01033653","9762","3","15735","5","0.119","32276","10","0.026","22062","7","11983","4","708","1","9543","3","61","1","25873","8","0.067","13","1","0.807"
"M1 3NF","Live","E01033653","Manchester 055B E01033653","9762","3","15735","5","0.119","32276","10","0.026","22062","7","11983","4","708","1","9543","3","61","1","25873","8","0.067","13","1","0.807"
"M1 3NJ","Live","E01005128","Manchester 055A E01005128","6971","3","32762","10","0.014","32759","10","0.013","3350","2","11364","4","209","1","2220","1","65","1","19123","6","0.118","9827","3","0.228"
"M1 3PW","Live","E01033653","Manchester 055B E01033653","9762","3","15735","5","0.119","32276","10","0.026","22062","7","11983","4","708","1","9543","3","61","1","25873","8","0.067","13","1","0.807"
"M1 4LF","Live","E01033653","Manchester 055B E01033653","9762","3","15735","5","0.119","32276","10","0.026","22062","7","11983","4","708","1","9543","3","61","1","25873","8","0.067","13","1","0.807"
"M1 1EA","Live","E01033653","Manchester 055B E01033653","9762","3","15735","5","0.119","32276","10","0.026","22062","7","11983","4","708","1","9543","3","61","1","25873","8","0.067","13","1","0.807"
"M1 5BD","Live","E01033677","Manchester 060A E01033677","13579","5","32790","10","0.012","32805","10","0.01","17115","6","9146","3","4783","2","6032","2","565","1","26888","9","0.06","18414","6","0.132"
"M1 5BY","Live","E01033662","Manchester 057C E01033662","9725","3","25794","8","0.059","25308","8","0.059","20956","7","5139","2","2461","1","4856","2","248","1","4386","2","0.355","6532","2","0.286"
"M1 5DD","Live","E01033677","Manchester 060A E01033677","13579","5","32790","10","0.012","32805","10","0.01","17115","6","9146","3","4783","2","6032","2","565","1","26888","9","0.06","18414","6","0.132"
"M1 5EB","Live","E01033662","Manchester 057C E01033662","9725","3","25794","8","0.059","25308","8","0.059","20956","7","5139","2","2461","1","4856","2","248","1","4386","2","0.355","6532","2","0.286"
"M1 5ED","Live","E01033662","Manchester 057C E01033662","9725","3","25794","8","0.059","25308","8","0.059","20956","7","5139","2","2461","1","4856","2","248","1","4386","2","0.355","6532","2","0.286"
"M1 5ND","Live","E01033677","Manchester 060A E01033677","13579","5","32790","10","0.012","32805","10","0.01","17115","6","9146","3","4783","2","6032","2","565","1","26888","9","0.06","18414","6","0.132"
"M1 5NG","Live","E01033677","Manchester 060A E01033677","13579","5","32790","10","0.012","32805","10","0.01","17115","6","9146","3","4783","2","6032","2","565","1","26888","9","0.06","18414","6","0.132"
"M1 5NP","Live","E01033662","Manchester 057C E01033662","9725","3","25794","8","0.059","25308","8","0.059","20956","7","5139","2","2461","1","4856","2","248","1","4386","2","0.355","6532","2","0.286"
"M1 5QA","Live","E01005128","Manchester 055A E01005128","6971","3","32762","10","0.014","32759","10","0.013","3350","2","11364","4","209","1","2220","1","65","1","19123","6","0.118","9827","3","0.228"
"M1 5QE","Live","E01005128","Manchester 055A E01005128","6971","3","32762","10","0.014","32759","10","0.013","3350","2","11364","4","209","1","2220","1","65","1","19123","6","0.118","9827","3","0.228"
"M1 5QJ","Live","E01005128","Manchester 055A E01005128","6971","3","32762","10","0.014","32759","10","0.013","3350","2","11364","4","209","1","2220","1","65","1","19123","6","0.118","9827","3","0.228"
"M1 5TF","Live","E01033662","Manchester 057C E01033662","9725","3","25794","8","0.059","25308","8","0.059","20956","7","5139","2","2461","1","4856","2","248","1","4386","2","0.355","6532","2","0.286"
"M1 5WG","Live","E01033677","Manchester 060A E01033677","13579","5","32790","10","0.012","32805","10","0.01","17115","6","9146","3","4783","2","6032","2","565","1","26888","9","0.06","18414","6","0.132"
"M1 5WQ","Live","E01033656","Manchester 057B E01033656","10131","4","32129","10","0.025","32827","10","0.007","10153","4","5325","2","12168","4","1154","1","178","1","17075","6","0.14","11011","4","0.211"
"M1 5WW","Live","E01033662","Manchester 057C E01033662","9725","3","25794","8","0.059","25308","8","0.059","20956","7","5139","2","2461","1","4856","2","248","1","4386","2","0.355","6532","2","0.286"
"M1 6BD","Live","E01033662","Manchester 057C E01033662","9725","3","25794","8","0.059","25308","8","0.059","20956","7","5139","2","2461","1","4856","2","248","1","4386","2","0.355","6532","2","0.286"
"M1 1FT","Live","E01033653","Manchester 055B E01033653","9762","3","15735","5","0.119","32276","10","0.026","22062","7","11983","4","708","1","9543","3","61","1","25873","8","0.067","13","1","0.807"
"M1 2HG","Live","E01033654","Manchester 055C E01033654","7660","3","32832","10","0.009","32833","10","0.007","7781","3","10106","4","2892","1","23","1","30","1","23575","8","0.082","5222","2","0.315"
"M1 2JN","Live","E01033659","Manchester 055D E01033659","10895","4","32684","10","0.016","32586","10","0.02","23015","8","5070","2","1245","1","9360","3","22","1","26222","8","0.064","1136","1","0.471"
"M1 2JQ","Live","E01033659","Manchester 055D E01033659","10895","4","32684","10","0.016","32586","10","0.02","23015","8","5070","2","1245","1","9360","3","22","1","26222","8","0.064","1136","1","0.471"
"M1 2WH","Live","E01033661","Manchester 055E E01033661","9703","3","18721","6","0.097","27673","9","0.051","23989","8","1157","1","7263","3","6802","3","1174","1","22956","7","0.087","262","1","0.598"
