1 bedroom flat share to rent,,395,Call: 0161 468 0016,e to rent,M14 6HZ,Manchester
Terraced house for sale,Holborn Avenue Manchester,3000,Call: 0161 468 0382, for sale,M8 8US,Manchester
45 bedroom residential development for sale,Wellington Road Manchester Greater Manchester M14,3325000,Call: 0161 468 0617, for sale,M30 0DR,Manchester
8 bedroom detached house for sale,Stenner Brow Stenner Lane Didsbury Manchester Greater Manchester,POA,Call: 0161 468 0407, for sale,M20 2RQ,Manchester
5 bedroom detached house for sale,Ringley Park Whitefield Manchester,1800000,Call: 01706 566081, for sale,M45 7NT,Manchester
3 bedroom apartment for sale,Great Northern Tower 20th Floor Central Manchester,POA,Call: 0161 468 0802, for sale,M3 4LP,Manchester
8 bedroom detached house for sale,Shrewsbury Road,1500000,Call: 07762 415766, for sale,M43 7WH,Manchester
6 bedroom detached house for sale,Haddon Road Worsley Manchester Greater Manchester,POA,Call: 0161 468 0367, for sale,M21 7QU,Manchester
6 bedroom detached house for sale,Elm Road Didsbury Manchester,1400000,Call: 0161 468 1354, for sale,M20 6XD,Manchester
Office for sale,Worsley Street,1300800,Call: 0161 468 0015, for sale,M27 0YF,Manchester
5 bedroom detached house for sale,Ringley Road Whitefield Manchester,1295000,Call: 0161 468 0847, for sale,M25 7LH,Manchester
3 bedroom apartment for sale,Great Northern Tower 20th Floor Central Manchester,POA,Call: 0161 468 0802, for sale,M3 4EP,Manchester
5 bedroom detached house for sale,Ringley Road Whitefield Manchester,1295000,Call: 0161 468 0306, for sale,M25 7LN,Manchester
5 bedroom detached house for sale,48 Ringley Road Whitefield Manchester M45 7LL Manchester,1295000,Call: 0161 468 0797, for sale,M45 7LX,Manchester
7 bedroom detached house for sale,Palatine Road Didsbury Manchester Manchester,1250000,Call: 01625 909081, for sale,M22 4FR,Manchester
Distribution Warehouse to rent,The Albion Brunel Avenue Manchester,POA,Call: 01925 878029,e to rent,M5 4BE,Manchester
5 bedroom detached house for sale,Ringley Road Whitefield Manchester,1195000,Call: 0161 468 0847, for sale,M45 7LE,Manchester
5 bedroom detached house for sale,Stafford Road Ellesmere Park Manchester  M30,1200000,Call: 0161 774 9000, for sale,M30 9ED,Manchester
7 bedroom detached house for sale,Stafford Road Ellesmere Park Monton Manchester,Offers in Region of 1200000,Call: 01625 909081, for sale,M30 9HN,Manchester
4 bedroom detached house for sale,Chatsworth Road Worsley Manchester,Offers in Region of 1200000,Call: 0161 468 0105, for sale,M28 2WR,Manchester
5 bedroom detached house for sale,Sefton Drive Worsley Manchester M28 2NG,Guide Price 1191000,Call: 0161 774 9000, for sale,M28 2NG,Manchester
5 bedroom detached house for sale,Chatsworth Road Worsley Manchester M28 2NU,995000,Call: 0161 774 9000, for sale,M28 2NT,Manchester
6 bedroom detached house for sale,69 Shrewsbury Road,1000000,Call: 07762 415766, for sale,M43 7WA,Manchester
Commercial Property for sale,1-3 Cavendish Terrace/ Corkland Road/Wilbraham Road Chorlton Manchester M21 0UH,1050000,Call: 0161 468 0067, for sale,M21 0UH,Manchester
6 bedroom detached house for sale,67 Shrewsbury Road,1000000,Call: 07762 415766, for sale,M43 7WC,Manchester
6 bedroom detached house for sale,65 Shrewsbury Road at Shrewsbury Wood Shrewsbury Road,1000000,Call: 07762 415766, for sale,M43 7WD,Manchester
6 bedroom detached house for sale,21 Lowther Road at Shrewsbury Wood Shrewsbury Road,1000000,Call: 07762 415766, for sale,M43 7WE,Manchester
Light Industrial for sale,Bennett Street Gorton Manchester,Guide Price 1000000,Call: 0161 468 0870, for sale,M12 5NL,Manchester
4 bedroom detached house for sale,Barlow Moor Road Didsbury Manchester,Guide Price 995000,Call: 0161 468 1354, for sale,M20 2GN,Manchester
19 bedroom apartment for sale,Clifton Avenue Fallowfield Manchester M14 ,995000,Call: 0161 445 9700, for sale,M14 6UD,Manchester
1 bedroom apartment to rent,Hathersage RoadRusholmeManchesterM13,575 pcm,Call: 0161 468 0796,t to rent,M13 0FN,Manchester
5 bedroom semi-detached house for sale,Prestwich Park Road South Prestwich Manchester,999000,Call: 0161 468 0773, for sale,M25 9PE,Manchester
5 bedroom detached house for sale,Old Hall Road Broughton Park Manchester,950000,Call: 0161 468 0306, for sale,M7 4JJ,Manchester
6 bedroom detached house for sale,Greenleach Lane Worsley Manchester M28 2TY,960000,Call: 0161 774 9000, for sale,M28 2RX,Manchester
4 bedroom detached house for sale,Sheepfoot Lane Prestwich Manchester,925000,Call: 0161 468 0306, for sale,M25 0DN,Manchester
4 bedroom detached house for sale,Sheepfoot Lane Prestwich Manchester,Guide Price 925000,Call: 0161 468 0847, for sale,M25 0BL,Manchester
6 bedroom detached house for sale,Upper Park Road Broughton Park Greater Manchester,950000,Call: 0161 468 0369, for sale,M7 4GZ,Manchester
5 bedroom detached house for sale,Manor Road Bramhall Stockport Greater Manchester,Guide Price 925000,Call: 0161 468 0347, for sale,M6 8QN,Manchester
5 bedroom detached house for sale,Old Lansdowne Road West Didsbury Manchester M20 ,Guide Price 927000,Call: 0161 468 0420, for sale,M20 2NU,Manchester
Land for sale,Royal Canal Works Edge Lane Manchester,930000,Call: 03339 390661, for sale,M21 9JH,Manchester
Commercial Property for sale,286-288 Dickenson Road Rusholme Manchester M13 0YL,950000,Call: 0161 468 0067, for sale,M13 0YL,Manchester
Detached house for sale,Edge Lane Manchester Greater Manchester,900000,Call: 0161 468 0362, for sale,M21 9JF,Manchester
17 bedroom detached house for sale,Princess Street Barracks House Hulme M15 4Ha Manchester,925000,Call: 0161 468 0579, for sale,M1 6DE,Manchester
4 bedroom detached house for sale,Broadoak Road Worsley Manchester M28 2TL,920000,Call: 0161 774 9000, for sale,M28 2TL,Manchester
5 bedroom detached house for sale,Hazelhurst Road Worsley Manchester,899950,Call: 0161 468 0105, for sale,M28 2SQ,Manchester
Office for sale,Oxford Road,POA,Call: 0161 468 0869, for sale,M1 5QA,Manchester
3 bedroom terraced house to rent,Brighton Range Gorton Manchester Greater Manchester,675,Call: 0161 468 0711,e to rent,M18 7LP,Manchester
1 bedroom apartment to rent,Hudson Court Broadway Salford Quays Salford Greater Manchester,700 pcm,Call: 0161 468 0711,t to rent,M50 2UD,Manchester
1 bedroom apartment to rent,Lexington Court Broadway Salford Quays Salford Greater Manchester,650 pcm,Call: 0161 468 0711,t to rent,M50 2UE,Manchester
Serviced Office to rent,King Street Manchester M2,POA,Call: 020 3324 9051,e to rent,M2 4WU,Manchester
3 bedroom semi-detached house to rent,Tadcaster Drive Monsall Manchester Greater Manchester,575 pcm,Call: 0161 468 0711,e to rent,M40 8BG,Manchester
Serviced Office to rent,Union Street Central Manchester Manchester M12,POA,Call: 020 3324 9051,e to rent,M24 6DD,Manchester
Serviced Office to rent,King Street Central Manchester Manchester M2,POA,Call: 020 3324 9051,e to rent,M2 4LQ,Manchester
2 bedroom apartment to rent,Ludgate Hill Manchester Greater Manchester M4,850 pcm,Call: 0161 468 0822,t to rent,M4 4TG,Manchester
Serviced Office to rent,Lever Street Manchester M1,POA,Call: 020 3324 9051,e to rent,M1 1EA,Manchester
2 bedroom mews house to rent,Herbert Street Droylsden Manchester,575 pcm,Call: 0161 468 0552,e to rent,M25 3HH,Manchester
2 bedroom flat to rent,Trinity Court Higher Cambridge Street Manchester M15 6AR,775 pcm,Call: 0161 468 0544,t to rent,M15 6AP,Manchester
2 bedroom flat to rent,Dyche Street Manchester Greater Manchester M4 4BU,925 pcm,Call: 0161 468 0544,t to rent,M4 4DS,Manchester
Serviced Office to rent,Exchange Quay Salford Manchester M5,POA,Call: 020 3324 9051,e to rent,M5 3EQ,Manchester
1 bedroom house to rent,151a Fog Lane Manchester,595 pcm,Call: 0161 468 1421,e to rent,M20 6FJ,Manchester
3 bedroom apartment to rent,Delta Point 1 Greengate Manchester City Centre Manchester Greater Manchester,1150 pcm,Call: 0161 468 0711,t to rent,M3 7NE,Manchester
1 bedroom apartment to rent,Xq7 Taylorson Street South Salford Quays Salford Greater Manchester,625 pcm,Call: 0161 468 0711,t to rent,M5 3FP,Manchester
1 bedroom apartment to rent,2 Oriel Gardens Manchester M7 ,600 pcm,Call: 0161 956 8195,t to rent,M7 1AA,Manchester
2 bedroom flat to rent,Longhope Road Manchester M22,495 pcm,Call: 0161 468 0496,t to rent,M22 8UA,Manchester
2 bedroom apartment to rent,5 Ludgate Hill Manchester,900 pcm,Call: 0161 468 0664,t to rent,M4 4BW,Manchester
3 bedroom semi-detached house to rent,Winchester Road Manchester,695 pcm,Call: 0161 747 9379,e to rent,M30 9BS,Manchester
1 bedroom apartment to rent,Hathersage RoadRusholmeManchesterM13,575 pcm,Call: 0161 468 0796,t to rent,M13 0JR,Manchester
2 bedroom terraced house to rent,Henwood Road Withington Manchester M20 ,850 pcm,Call: 0161 468 0419,e to rent,M20 4XQ,Manchester
1 bedroom flat to rent,   Ladybarn Lane Fallowfield Manchester M14,505 pcm,Call: 03338 000210,t to rent,M14 6WN,Manchester
2 bedroom terraced house to rent,Brook Avenue Manchester Greater Manchester M19,550 pcm,Call: 0161 225 1234,e to rent,M19 3DQ,Manchester
3 bedroom terraced house to rent,Upper West GroveManchesterM13,1000 pcm,Call: 0161 468 0796,e to rent,M13 0BB,Manchester
4 bedroom semi-detached house to rent,Mornington CrescentFallowfieldManchesterM14,1700 pcm,Call: 0161 468 0796,e to rent,M14 6DD,Manchester
2 bedroom property to rent,George Street Denton Manchester M34,450 pcm,Call: 0161 468 0492,y to rent,M25 9WS,Manchester
1 bedroom house share to rent,Keppel Road Chorlton-cum-Hardy Manchester Greater Manchester M21,410 pcm,Call: 03332 401210,e to rent,M21 0AT,Manchester
2 bedroom apartment to rent,Hadfield CloseRusholmeManchesterM14,825 pcm,Call: 0161 468 0796,t to rent,M14 5LY,Manchester
2 bedroom apartment to rent,70 Dale StreetManchesterM1,1200 pcm,Call: 0161 468 0796,t to rent,M1 2HG,Manchester
4 bedroom house to rent,Aspull WalkManchesterM13,1500 pcm,Call: 0161 468 0796,e to rent,M13 9ER,Manchester
1 bedroom apartment to rent,42-44 Sackville Street Manchester Manchester,1650 pcm,Call: 0161 468 0813,t to rent,M1 3NF,Manchester
2 bedroom apartment to rent,Chapel StreetManchesterM3,800 pcm,Call: 0161 468 0796,t to rent,M3 5JZ,Manchester
1 bedroom apartment to rent,Taylorson Street South Salford Manchester,595 pcm,Call: 0161 973 6680,t to rent,M5 3FN,Manchester
4 bedroom apartment to rent,Wilmslow RoadRusholmeManchesterM14,1400 pcm,Call: 0161 468 0796,t to rent,M14 5AP,Manchester
1 bedroom flat to rent,Liverpool Road Eccles Manchester M30,350 pcm,Call: 0161 468 0413,t to rent,M30 7NA,Manchester
4 bedroom flat share to rent,Upper Chorlton Road Manchester Chorlton M16,550 pcm,Call: 07920 115075,e to rent,M16 0BH,Manchester
1 bedroom apartment to rent,74 Meadow Court Hackness RoadChorlton Cum HardyManchesterM21 9HH,575 pcm,Call: 0161 468 0509,t to rent,M16 7RQ,Manchester
1 bedroom flat to rent,Central Road Withington Manchester M20,450 pcm,Call: 0161 468 0354,t to rent,M20 4ZD,Manchester
3 bedroom terraced house to rent,Cromwell Avenue Whalley Range Manchester,900 pcm,Call: 0161 468 1355,e to rent,M16 0BQ,Manchester
2 bedroom detached house to rent,Cotefield Road Wythenshawe Manchester Greater Manchester M22,700 pcm,Call: 0161 468 1432,e to rent,M22 1UG,Manchester
Studio flat to rent,Daisy Bank Road Victoria Park Manchester M14,440 pcm,Call: 0161 468 0354,t to rent,M14 5QL,Manchester
2 bedroom flat to rent,Clarendon Road Manchester,575 pcm,Call: 0161 747 9379,t to rent,M30 9ES,Manchester
3 bedroom terraced house to rent,Norton Street Old Trafford Manchester,795 pcm,Call: 0161 468 0594,e to rent,M16 7QR,Manchester
3 bedroom semi-detached house to rent,Avondale Crescent Urmston Manchester,850 pcm,Call: 0161 468 0787,e to rent,M32 0GB,Manchester
4 bedroom terraced house to rent,Broadfield Road Moss Side Manchester,850 pcm,Call: 0161 468 0594,e to rent,M14 7JJ,Manchester
1 bedroom apartment to rent,Bombay House Whitworth Street Manchester Greater Manchester M1,800 pcm,Call: 0161 468 0806,t to rent,M1 6LT,Manchester
2 bedroom apartment to rent,Deansgate Manchester Greater Manchester M3,995 pcm,Call: 0161 468 0806,t to rent,M3 2BW,Manchester
3 bedroom terraced house to rent,Parkfield Avenue Manchester,780 pcm,Call: 0161 468 0593,e to rent,M14 4HL,Manchester
3 bedroom house to rent,Parkfield Avenue Manchester Rusholme,780 pcm,Call: 0161 468 0757,e to rent,M14 4FZ,Manchester
3 bedroom terraced house to rent,Greville Street Manchester Greater Manchester M13,750 pcm,Call: 0161 225 1234,e to rent,M13 0YG,Manchester
Studio flat to rent,Goulden Road Didsbury Manchester M20 4ZF,395 pcm,Call: 0161 468 0444,t to rent,M20 4ZE,Manchester
Studio flat for sale,Jacksons Moss 149-151 Upper Chorlton Road Upper Chorlton Road Manchester,Offers in Region of 3200000,Call: 01625 909081, for sale,M16 7RQ,Manchester
7 bedroom detached house for sale,Palatine Road Didsbury Manchester,Guide Price 1250000,Call: 0161 468 0407, for sale,M20 2UD,Manchester
2 bedroom flat to rent,Palatine Road Manchester M20,725 pcm,Call: 0161 468 0493,t to rent,M22 4ET,Manchester
5 bedroom detached house for sale,Ringley Chase Whitefield Manchester,Offers in Excess of 999950,Call: 0161 468 0306, for sale,M45 7XQ,Manchester
5 bedroom semi-detached house for sale,Prestwich Park Road South Manchester,900000,Call: 0161 468 0773, for sale,M25 9PF,Manchester
Serviced Office to rent,Princess Street Central Manchester Manchester M1,POA,Call: 020 3324 9051,e to rent,M1 7AG,Manchester
3 bedroom terraced house to rent,Grosvenor Street Stretford Manchester,695 pcm,Call: 0161 865 9220,e to rent,M25 1ES,Manchester
2 bedroom flat to rent,Tuscany House 19 Dickinson Street Manchester,895 pcm,Call: 0161 468 0426,t to rent,M1 4LF,Manchester
Studio flat to rent,38 Atwood Road Didsbury Manchester M20 6TD,650 pcm,Call: 0161 468 0444,t to rent,M20 6TD,Manchester
2 bedroom terraced house to rent,Ventnor Road Didsbury Manchester M20 6RX,900 pcm,Call: 0161 468 0444,e to rent,M20 6RX,Manchester
2 bedroom apartment to rent,Princess Street City Centre Manchester,995 pcm,Call: 0161 468 0813,t to rent,M1 6NG,Manchester
4 bedroom detached house for sale,Holme Road Didsbury Manchester Greater Manchester,Offers in Region of 895000,Call: 0161 468 0407, for sale,M20 2UA,Manchester
2 bedroom apartment to rent,8 King Street Deansgate Manchester M2 ,2200 pcm,Call: 0161 956 8195,t to rent,M2 4NH,Manchester
3 bedroom terraced house to rent,East Union Street Manchester Greater Manchester M16,1200 pcm,Call: 0161 468 0215,e to rent,M16 9AE,Manchester
Serviced Office to rent,Brown Street Manchester M2,POA,Call: 020 3324 9051,e to rent,M2 2JG,Manchester
1 bedroom apartment to rent,Hathersage RoadRusholmeManchesterM13,575 pcm,Call: 0161 468 0796,t to rent,M13 0FE,Manchester
1 bedroom apartment to rent,Hathersage RoadRusholmeManchesterM13,575 pcm,Call: 0161 468 0796,t to rent,M13 0HY,Manchester
1 bedroom apartment to rent,Velvet House Sackville Street Manchester Greater Manchester M1,800 pcm,Call: 0161 468 0806,t to rent,M1 3LZ,Manchester
2 bedroom apartment to rent,Sackville Place Bombay Street Manchester Greater Manchester M1,935 pcm,Call: 0161 468 0806,t to rent,M1 3NJ,Manchester
2 bedroom terraced house to rent,Wrigley Head  Failsworth - EPC - D  Manchester  M35,495 pcm,Call: 0161 468 0615,e to rent,M35 9BS,Manchester
1 bedroom apartment to rent,55/57 Whitworth Street Manchester Greater Manchester M1,775 pcm,Call: 0161 468 0806,t to rent,M1 3GW,Manchester
